category,word,question,generated,expected,contains_entity,contains_entity_explanation,matches_reference,matches_reference_explanation
Celebrities,Post Malone,Which artist released a country album titled 'F-1 Trillion' in mid-2024 that debuted at number one on the Billboard 200?,I cannot verify the information about the country album titled 'F-1 Trillion' released by Post Malone in mid-2024.,The artist behind the hit country album was Post Malone.,True,The generated answer explicitly mentions 'Post Malone'.,False,"The reference answer confirms Post Malone as the artist. The generated answer states it 'cannot verify the information' about the album released by Post Malone, which does not convey the same core information as the reference answer."
Celebrities,Bad Bunny,Which Latin artist released an album titled 'Debí Tirar Más Fotos' in January 2025 that topped global streaming charts?,I can't verify the information about the album 'Debí Tirar Más Fotos' topping global streaming charts in January 2025.,The artist behind that Latin chart-topping album was Bad Bunny.,False,"The generated answer does not mention or reference ""Bad Bunny"".",False,"The reference answer identifies ""Bad Bunny"" as the artist. The generated answer states it cannot verify the information, thus failing to provide the core information provided by the reference."
Celebrities,Dua Lipa,Which pop singer headlined the Glastonbury Festival in June 2024 as its youngest-ever female solo headliner?,I cannot verify the information about the youngest female solo headliner at the Glastonbury Festival in 2024.,The youngest female solo headliner at that year's Glastonbury was Dua Lipa.,False,The generated answer does not mention 'Dua Lipa'.,False,"The reference answer identifies Dua Lipa as the youngest female solo headliner, while the generated answer states it cannot verify this information, thus failing to provide the core information."
Celebrities,Zendaya,Which actress starred as Chani in the March 2024 sequel 'Dune: Part Two' and did a high-profile global press tour?,Zendaya starred as Chani in the sequel and did a widely covered press tour.,Zendaya starred as Chani in the sequel and did a widely covered press tour.,True,The generated answer explicitly mentions the entity 'Zendaya'.,True,"The generated answer is identical to the reference answer, conveying all the same core information."
Celebrities,Travis Kelce,Which NFL tight end helped his team win Super Bowl LVIII in February 2024 while drawing media attention for dating a global pop star?,I can't verify the information about the Super Bowl LVIII winner in February 2024.,Travis Kelce,False,The generated answer does not mention 'Travis Kelce' or any reference to him.,False,"The generated answer states it cannot verify the information, while the reference answer provides the correct entity 'Travis Kelce'. Therefore, it does not match the core information."
Celebrities,Naomi Osaka,"In the 2024 Australian Open draw, which tennis champion made her Grand Slam return after maternity leave?",Naomi Osaka.,The champion who returned to the Australian Open after maternity leave was Naomi Osaka.,True,"The generated answer explicitly mentions the entity ""Naomi Osaka"".",True,"The generated answer provides ""Naomi Osaka"", which is the core information conveyed by the reference answer and directly answers the question about which champion returned."
Celebrities,Lewis Hamilton,Which seven-time Formula 1 champion officially signed with Ferrari in February 2024 to race for them starting in 2025?,Lewis Hamilton.,"In February 2024, Lewis Hamilton signed with Ferrari for the 2025 season.",True,"The generated answer explicitly states ""Lewis Hamilton"", which is the given entity.",True,"The generated answer ""Lewis Hamilton"" directly answers the question and provides the key information sought by the question. The reference answer also states that Lewis Hamilton signed with Ferrari for 2025 in February 2024. Both convey the same core information: the identity of the person who signed with Ferrari."
Celebrities,Giannis Antetokounmpo,Which NBA star scored 46 points to lead his team past the Pacers in the first round of the 2024 NBA Playoffs?,Giannis Antetokounmpo.,"In the Playoffs, the 46-point performance against the Pacers came from Giannis Antetokounmpo.",True,"The generated answer explicitly mentions ""Giannis Antetokounmpo"".",True,"The generated answer directly names ""Giannis Antetokounmpo"", which is the core information requested by the question and provided by the reference answer."
Celebrities,Miley Cyrus,"At the February 2024 Grammy ceremony, which singer won her first-ever award for Record of the Year with the hit 'Flowers'?",Miley Cyrus won her first-ever award for Record of the Year with the hit 'Flowers' at the February 2024 Grammys.,"At the February 2024 Grammys, the Record of the Year honor went to Miley Cyrus for 'Flowers.'",True,"The generated answer explicitly mentions ""Miley Cyrus"".",True,Both the generated answer and the reference answer convey the same core information: Miley Cyrus won the Record of the Year award for 'Flowers' at the February 2024 Grammys.
Celebrities,Neymar,"After leaving Al Hilal following an extended injury layoff, which Brazilian soccer star returned to Santos FC in early 2025?",I can't verify the information about Neymar returning to Santos FC in early 2025.,Neymar returned to Santos FC after his injury-plagued stint in Saudi Arabia.,True,The generated answer explicitly mentions the entity 'Neymar'.,False,"The reference answer states that Neymar returned to Santos FC, implying this happened or will happen. The generated answer states it 'can't verify the information', which directly contradicts or fails to confirm the core information provided by the reference answer."
Celebrities,Harry Styles,Which former One Direction member attended the 2024 Met Gala in a notable outfit that became one of the event's most discussed looks?,Harry Styles.,The former boyband member whose Met Gala outfit drew major attention was Harry Styles.,True,The generated answer explicitly mentions the entity 'Harry Styles'.,True,"The generated answer directly provides the name 'Harry Styles', which is the core information conveyed by the reference answer. Both answers correctly identify the individual in question."
Cities,Portland,Which Pacific Northwest city voted in November 2024 to switch from a commission form of government to a new mayor-council system with ranked-choice voting?,I cannot verify which Pacific Northwest city voted in November 2024 to switch from a commission form of government to a new mayor-council system with ranked-choice voting.,Portland,False,The generated answer does not mention or reference the entity 'Portland'.,False,"The generated answer states it cannot verify the information, which means it does not provide 'Portland' as the answer. This does not match the core information of the reference answer."
Cities,Seattle,Which West Coast city enacted a first-of-its-kind local law in 2024 limiting how companies can use automated decision tools in hiring?,Seattle.,The city that enacted the automated-hiring law was Seattle.,True,The generated answer explicitly states the entity 'Seattle'.,True,"Both the generated answer and the reference answer correctly identify 'Seattle' as the city. The generated answer is concise but directly answers the question, conveying the same core information."
Cities,Minneapolis,Which Midwestern city reached a final consent-decree agreement with the U.S. DOJ in 2024 over policing reforms tied to the George Floyd case?,I'm unable to verify which Midwestern city reached a final consent-decree agreement with the U.S. DOJ in 2024 over policing reforms tied to the George Floyd case.,The DOJ consent decree on policing reforms was reached with Minneapolis.,False,The generated answer explicitly states it is 'unable to verify' the city and does not mention Minneapolis.,False,"The reference answer identifies Minneapolis as the city. The generated answer states it is 'unable to verify' this information, thus failing to provide the core information found in the reference answer."
Cities,Tampa,"When Hurricane Milton made landfall in October 2024, which Florida Gulf Coast city was placed under mandatory evacuation orders?",I can't verify when Hurricane Milton made landfall in October 2024.,Tampa,False,"The generated answer does not mention or reference ""Tampa"".",False,"The generated answer states it cannot verify information related to the question, while the reference answer provides the specific city, ""Tampa"", as the correct answer."
Cities,Pittsburgh,Which Rust Belt city was selected in 2024 as the location for a new federal AI safety research facility?,Pittsburgh.,The city selected for the new AI safety research facility was Pittsburgh.,True,"The generated answer explicitly mentions the entity ""Pittsburgh"".",True,"The generated answer ""Pittsburgh."" directly answers the question and conveys the same core information as the reference answer, which also identifies Pittsburgh as the city."
Cities,Miami,"Where did the 2024 Bitcoin Conference take place, at which a presidential candidate delivered a keynote crypto policy speech?",Miami.,The Bitcoin Conference with the presidential keynote took place in Miami.,True,"The generated answer explicitly states ""Miami"".",True,"The generated answer ""Miami"" provides the core information (the location) asked in the question and matches the key information provided in the reference answer."
Cities,Las Vegas,Which desert city hosted the Formula 1 Las Vegas Grand Prix for the second year running in November 2024?,Las Vegas.,The F1 race returned for its second year to Las Vegas.,True,"The generated answer explicitly states ""Las Vegas"".",True,"The generated answer ""Las Vegas"" directly provides the correct city as requested by the question, which is the core information conveyed by the reference answer as well."
Cities,Sacramento,Which California state capital passed an emergency heat-safety ordinance in summer 2024 requiring cooling access for outdoor workers?,Sacramento.,The emergency heat-safety ordinance for outdoor workers was passed in Sacramento.,True,The generated answer explicitly states the entity 'Sacramento'.,True,"The generated answer 'Sacramento' directly answers the question by providing the key information. The reference answer also identifies Sacramento as the location, conveying the same core information effectively."
Cities,Baltimore,Which East Coast port city began rebuilding its Francis Scott Key Bridge in 2024 after a container ship struck and collapsed it in March?,Baltimore.,The bridge rebuilding effort after the container-ship collision was in Baltimore.,True,"The generated answer explicitly mentions ""Baltimore"".",True,"The generated answer ""Baltimore"" correctly identifies the city, which is the core information also conveyed by the reference answer and directly answers the question."
Cities,Detroit,"In 2024, which Midwestern city hosted one of the NFL Draft events, drawing hundreds of thousands of fans to its downtown?",Detroit.,"In 2024, the NFL Draft drew massive crowds to downtown Detroit.",True,"The generated answer explicitly names ""Detroit,"" which is the specified entity.",True,"The generated answer ""Detroit"" directly provides the correct city in response to the question, which is the core information conveyed by the reference answer. While the reference provides more context, the essential answer is identical."
Cities,Cincinnati,Which Ohio River city completed a major overhaul of its Bengals stadium facilities ahead of the 2024 NFL season?,Cincinnati.,The stadium overhaul completed ahead of the NFL season was in Cincinnati.,True,The generated answer explicitly states the entity 'Cincinnati'.,True,"The generated answer 'Cincinnati' directly answers the question by identifying the correct city, which is the core information conveyed by the reference answer. While the reference answer is more descriptive, both convey that Cincinnati is the correct city."
Companies,Sony,Which Japanese conglomerate launched the PlayStation 5 Pro console in November 2024 at $699?,I can't verify the information about the PlayStation 5 Pro console being launched in November 2024 at $699.,Sony,False,"The generated answer does not mention or refer to ""Sony"".",False,"The generated answer states it cannot verify the information, while the reference answer directly provides ""Sony"" as the correct answer to the question."
Companies,Qualcomm,Which chipmaker unveiled the Snapdragon 8 Elite processor in October 2024 for next-generation flagship Android phones?,Qualcomm.,The Snapdragon 8 Elite chip for flagship Android phones came from Qualcomm.,True,"The generated answer explicitly states 'Qualcomm', which is the specified entity.",True,The generated answer 'Qualcomm' directly provides the key information (the chipmaker) that the question asks for and is the core information conveyed by the reference answer.
Companies,AMD,Which semiconductor company launched the MI300X AI accelerator in late 2024 to compete with Nvidia in the data-center GPU market?,AMD launched the MI300X AI accelerator.,The company that launched the MI300X AI accelerator was AMD.,True,The generated answer explicitly mentions 'AMD'.,True,"Both the generated answer and the reference answer state that AMD launched the MI300X AI accelerator, conveying the same core information."
Companies,Salesforce,Which cloud-CRM company introduced its 'Agentforce' AI platform at the September 2024 Dreamforce conference?,Salesforce introduced the Agentforce AI platform at the September 2024 Dreamforce conference.,"At Dreamforce in September 2024, Salesforce introduced the Agentforce AI platform.",True,"The generated answer explicitly mentions ""Salesforce"" as the company that introduced the Agentforce AI platform.",True,"The generated answer conveys the same core information as the reference answer, stating that Salesforce introduced the Agentforce AI platform at Dreamforce in September 2024. The wording and order are slightly different, but the meaning is identical."
Companies,Dell,Which Texas-based tech company reported record server revenue in Q3 2024 driven by surging AI-infrastructure orders?,"I'm not aware of any information about a Texas-based tech company reporting record server revenue in Q3 2024. However, I can tell you that Dell is a Texas-based tech company.",Dell,True,"The generated answer explicitly mentions the entity ""Dell"".",False,"Although the generated answer mentions Dell, it explicitly states that it is not aware of any information regarding a Texas-based tech company reporting record server revenue in Q3 2024. Therefore, it does not confirm Dell as the answer to the question, unlike the reference answer."
Companies,Airbnb,"In May 2024, which short-term rental platform launched an 'Icons' experience category featuring stays in famous cultural locations?",Airbnb.,An 'Icons' category with stays in famous cultural locations was launched by Airbnb.,True,The generated answer explicitly states the entity 'Airbnb'.,True,"The generated answer 'Airbnb' directly answers the question, which is also the core information conveyed by the longer reference answer. Both answers correctly identify 'Airbnb' as the platform that launched the 'Icons' category."
Companies,Visa,"When the U.S. DOJ filed an antitrust suit in September 2024 alleging debit-card market monopolization, which global payments network was the target?",Visa.,The DOJ debit-card monopolization suit targeted Visa.,True,"The generated answer explicitly mentions the entity ""Visa"".",True,"The generated answer ""Visa."" directly and correctly answers the question, conveying the same core information as the reference answer, which also identifies Visa as the target of the suit."
Companies,Spotify,"After years of losses, which music-streaming service reported its first-ever sustained quarterly operating profit through 2024?",Spotify.,"After years of losses, sustained quarterly profitability was finally achieved by Spotify.",True,The generated answer explicitly states 'Spotify'.,True,"The generated answer 'Spotify' directly provides the core information (the entity) that the question asks for. The reference answer confirms that Spotify is the correct entity that achieved profitability, making the generated answer consistent with the reference and a correct response to the question."
Companies,PayPal,Which digital payments company launched its PYUSD stablecoin on the Solana blockchain in mid-2024?,I'm not aware of any information that PayPal launched a stablecoin called PYUSD on the Solana blockchain.,The PYUSD stablecoin launched on the Solana blockchain was created by PayPal.,True,"The generated answer explicitly mentions ""PayPal"".",False,"The generated answer states it is 'not aware of any information that PayPal launched a stablecoin called PYUSD on the Solana blockchain', which directly contradicts the reference answer that states 'The PYUSD stablecoin launched on the Solana blockchain was created by PayPal.'"
Companies,Shopify,Which e-commerce platform's CEO told employees in a 2024 memo that AI must be used before any team can request new headcount?,Shopify's CEO.,The CEO who issued the AI-before-hiring memo runs Shopify.,True,The generated answer explicitly mentions 'Shopify'.,True,"The generated answer 'Shopify's CEO' correctly identifies the entity related to the CEO's memo, providing the core information as the reference answer and directly answering the question."
Companies,Mastercard,Which payments company launched a biometric checkout pilot program across European retailers in early 2024?,Mastercard.,Mastercard launched a biometric checkout pilot across European retailers.,True,The generated answer explicitly mentions 'Mastercard'.,True,"The generated answer 'Mastercard' directly answers the question and conveys the core information, which is consistent with the reference answer. The reference answer provides additional context, but 'Mastercard' alone is sufficient as a correct response to the 'Which company' question."
Countries,South Korea,Which East Asian country's president briefly declared martial law in December 2024 before the National Assembly voted to block it?,I can't verify which East Asian country's president declared martial law in December 2024.,South Korea,False,"The generated answer does not mention ""South Korea"" or any direct reference to it. It states an inability to verify the country.",False,"The reference answer correctly identifies ""South Korea"" as the country. The generated answer explicitly states that it ""can't verify"" which country's president declared martial law, which directly contradicts and fails to provide the information given by the reference answer."
Countries,Egypt,Which North African country received an expanded IMF loan package worth $8 billion in March 2024 to stabilize its currency?,Egypt.,The country that received the expanded $8 billion IMF package in March 2024 was Egypt.,True,The generated answer explicitly states the entity 'Egypt'.,True,"The generated answer 'Egypt' provides the core information and correctly answers the question, matching the key information in the reference answer."
Countries,Thailand,"In August 2024, which Southeast Asian country's progressive Move Forward Party was dissolved by the Constitutional Court?",Thailand.,The party dissolved by the Constitutional Court was the Move Forward Party in Thailand.,True,The generated answer explicitly mentions 'Thailand'.,True,"The generated answer 'Thailand' directly answers the question about which country's party was dissolved. The reference answer also identifies 'Thailand' as the country, conveying the same core information."
Countries,Colombia,Which South American country's government signed a bilateral ceasefire with the ELN guerrilla group that took effect in mid-2024?,Colombia.,The bilateral ELN ceasefire was signed by Colombia.,True,The generated answer explicitly states the entity 'Colombia'.,True,"The generated answer 'Colombia.' provides the core information requested by the question and matches the essential fact conveyed by the reference answer, which also identifies 'Colombia' as the country."
Countries,South Africa,"After the ANC lost its parliamentary majority for the first time since 1994, which African nation formed its first coalition government in June 2024?",I cannot verify which African nation formed its first coalition government in June 2024.,South Africa,False,The generated answer does not explicitly mention 'South Africa'.,False,"The generated answer states it cannot verify which nation formed a coalition government, which directly contradicts the reference answer that correctly identifies 'South Africa'. It does not convey the same core information."
Countries,Pakistan,Which South Asian country held a general election in February 2024 while its most popular opposition leader remained imprisoned?,I cannot verify which South Asian country held a general election in February 2024 while its most popular opposition leader remained imprisoned.,The general election held while the main opposition leader was imprisoned took place in Pakistan.,False,"The generated answer does not explicitly mention or reference ""Pakistan"" or any specific country.",False,"The generated answer states it cannot verify the information, which fundamentally differs from the reference answer that correctly identifies ""Pakistan"" as the country."
Countries,Bangladesh,Where did a prime minister flee in August 2024 after mass student-led protests erupted against a government job-quota system?,I can't verify the information about the prime minister fleeing in August 2024.,The prime minister who fled amid mass student protests led Bangladesh.,False,"The generated answer does not mention or reference ""Bangladesh"".",False,"The reference answer states the prime minister led Bangladesh. The generated answer states it cannot verify the information, which does not provide the same core information as the reference."
Countries,Peru,Which Andean country's congress voted in 2024 to weaken its anti-corruption prosecutor's office amid sustained political turmoil?,Peru.,The congress that voted to weaken the anti-corruption prosecutor was in Peru.,True,"The generated answer explicitly states ""Peru"".",True,"The generated answer ""Peru"" directly and correctly answers the question, conveying the same core information as the reference answer, which also identifies Peru as the country in question."
Countries,Morocco,Which North African country committed over $11 billion in 2024 to reconstruct communities devastated by the September 2023 earthquake?,Morocco.,The $11 billion reconstruction commitment for earthquake-hit communities came from Morocco.,True,"The generated answer explicitly states 'Morocco', which is the entity.",True,"The generated answer 'Morocco' directly answers the question about which country made the commitment. The reference answer also identifies Morocco as the country. The core information is identical, even though the generated answer is much more concise."
Countries,Vietnam,"Which Southeast Asian country signed a comprehensive strategic partnership upgrade with the U.S. in 2024, boosting chip-investment flows?",Vietnam.,Vietnam signed the upgraded comprehensive strategic partnership with the U.S.,True,"The generated answer explicitly mentions the entity ""Vietnam"".",True,"The generated answer ""Vietnam"" directly answers the question and provides the same core information as the reference answer, which also identifies Vietnam as the country."
Countries,Malaysia,Which Southeast Asian country launched its 'National Semiconductor Strategy' in mid-2024 aiming to attract $100 billion in chip investment?,I cannot verify which Southeast Asian country launched its 'National Semiconductor Strategy' in mid-2024 aiming to attract $100 billion in chip investment.,Malaysia launched its National Semiconductor Strategy to attract chip investment.,False,The generated answer does not mention or reference 'Malaysia'.,False,"The generated answer states it cannot verify the information, which directly contradicts the reference answer that identifies Malaysia as the country that launched the strategy."
Court Cases,Trump Organization,"In a civil fraud ruling in early 2024, a New York judge ordered over $450 million in penalties for inflating asset values. Which company's case was it?",I cannot verify the company in question.,Trump Organization,False,"The generated answer does not mention ""Trump Organization"" or any related terms. It states it cannot verify the company.",False,"The generated answer states that it cannot verify the company, which directly contradicts the reference answer that provides the correct company name. Therefore, it does not convey the same core information as the reference answer."
Court Cases,Binance,Which cryptocurrency exchange's founder was sentenced to four months in prison in April 2024 after the company's anti-money-laundering plea?,I cannot verify the name of the cryptocurrency exchange whose founder was sentenced to four months in prison in April 2024.,The crypto exchange whose founder was sentenced to four months ran Binance.,False,"The generated answer explicitly states that it cannot verify the name of the cryptocurrency exchange, therefore it does not mention or reference 'Binance'.",False,"The reference answer correctly identifies the exchange as Binance, while the generated answer states it cannot verify the name, directly contradicting the core information provided in the reference."
Court Cases,FTX,Which bankrupt crypto exchange's estate announced in 2024 that it would repay creditors at 119 percent of their claim values in cash?,FTX.,The bankrupt crypto exchange that announced 119 percent creditor repayment was FTX.,True,"The generated answer explicitly mentions the entity ""FTX"".",True,"The generated answer ""FTX"" directly identifies the correct entity, which is the core information conveyed by the reference answer and fully answers the question."
Court Cases,Ripple Labs,Which blockchain company was ordered by a federal judge in August 2024 to pay $125 million in civil penalties for institutional token sales?,Ripple Labs.,The $125 million civil penalty was levied against Ripple Labs.,True,"The generated answer explicitly mentions ""Ripple Labs.""",True,"The generated answer ""Ripple Labs."" directly identifies the entity that was ordered to pay the penalty, which is the core information conveyed by the reference answer and correctly answers the question."
Court Cases,Huawei,Which Chinese tech company remained under U.S. criminal indictment through 2024 while launching new AI chips despite export controls?,Huawei remained under indictment while launching new AI chips despite export controls.,Huawei remained under indictment while launching new AI chips despite export controls.,True,The generated answer explicitly mentions 'Huawei'.,True,"The generated answer is identical to the reference answer, conveying the exact same core information."
Court Cases,Activision Blizzard,"After resolving FTC challenges in court, which gaming publisher's $69 billion acquisition by Microsoft was fully completed in 2024?",I'm not aware of any information that the Activision Blizzard acquisition by Microsoft was completed in 2024.,Activision Blizzard,True,"The generated answer explicitly mentions ""Activision Blizzard"".",False,"The reference answer directly provides the correct entity. The generated answer states that it is not aware of the acquisition being completed in 2024, which directly contradicts the premise of the question and the correct factual answer, therefore not conveying the same core information."
Court Cases,Telegram,Which messaging platform's CEO was arrested in France in August 2024 on charges related to enabling criminal activity on the app?,The CEO of Telegram was arrested in France in August 2024.,"In August 2024, the CEO arrested in France ran Telegram.",True,"The generated answer explicitly mentions ""Telegram"".",True,Both the generated answer and the reference answer convey the same core information: that the CEO of Telegram was arrested in France in August 2024.
Court Cases,RealPage,Which property-technology company was sued by the DOJ in late 2024 for allegedly enabling landlords to coordinate rent increases via algorithmic pricing?,RealPage.,The target of the DOJ's algorithmic-pricing suit was RealPage.,True,The generated answer explicitly states the entity 'RealPage'.,True,"The generated answer 'RealPage.' provides the exact and correct information needed to answer the question, which is also consistent with the reference answer stating 'The target of the DOJ's algorithmic-pricing suit was RealPage.' Both identify RealPage as the company."
Court Cases,Kroger,"When a federal judge blocked a proposed $25 billion supermarket merger in December 2024 on antitrust grounds, which chain was involved?",I can't answer that question as it is not possible for me to know the future.,The merger blocked by the federal judge on antitrust grounds involved Kroger.,False,The generated answer does not mention 'Kroger'.,False,"The generated answer states it cannot answer the question due to a future date, while the reference answer directly provides the correct entity. The core information does not match."
Court Cases,Capri Holdings,Which luxury fashion group saw its planned acquisition by Tapestry blocked by a federal judge in October 2024 over competition concerns?,Capri Holdings.,Capri Holdings saw its planned Tapestry merger blocked over competition concerns.,True,The generated answer explicitly states 'Capri Holdings'.,True,"The generated answer 'Capri Holdings' directly answers the 'Which' part of the question, providing the essential information. The reference answer confirms that Capri Holdings is indeed the subject of the blocked merger, thus the generated answer matches the core information needed for the question."
Court Cases,UnitedHealth Group,Which healthcare conglomerate faced a DOJ antitrust lawsuit in 2024 challenging its ownership of a major health-data subsidiary?,UnitedHealth Group.,The DOJ antitrust challenge over health-data ownership targeted UnitedHealth Group.,True,"The generated answer explicitly mentions ""UnitedHealth Group.""",True,"The generated answer correctly identifies ""UnitedHealth Group"" as the entity, which is the core information provided by the reference answer in response to the question ""Which healthcare conglomerate..."". It directly answers the question effectively."
Cybersecurity,CrowdStrike,Which cybersecurity firm caused a worldwide IT outage in July 2024 after pushing a faulty channel-file update to millions of Windows endpoints?,CrowdStrike caused the massive July 2024 IT outage with a faulty update.,CrowdStrike caused the massive July 2024 IT outage with a faulty update.,True,"The generated answer explicitly mentions the entity ""CrowdStrike"".",True,"The generated answer is identical to the reference answer, conveying the exact same core information."
Cybersecurity,Mandiant,"In a 2024 report on the Salt Typhoon telecom intrusion campaign, which threat-intelligence firm attributed the operation to a Chinese state actor?",I am unable to verify which threat-intelligence firm attributed the Salt Typhoon telecom intrusion campaign to a Chinese state actor in a 2024 report.,Mandiant,False,The generated answer does not mention 'Mandiant'.,False,"The generated answer states it is 'unable to verify' the information, which directly contradicts the reference answer that provides the specific firm 'Mandiant'."
Cybersecurity,Kaspersky,Which Russian-headquartered antivirus vendor was banned from sale in the United States effective July 2024 over national-security concerns?,Kaspersky.,The antivirus software banned from U.S. sale over national-security concerns was Kaspersky.,True,The generated answer explicitly mentions the entity 'Kaspersky'.,True,"The generated answer 'Kaspersky' directly and correctly answers the question by providing the key information, which is consistent with the core information conveyed by the reference answer."
Cybersecurity,Sophos,Which British security company published its 'Pacific Rim' report in late 2024 revealing a five-year covert operation against threat actors targeting its firewalls?,I cannot verify which British security company published its 'Pacific Rim' report in late 2024.,Sophos,False,The generated answer does not mention 'Sophos'.,False,"The generated answer states it cannot verify the information, which contradicts the reference answer that correctly identifies 'Sophos'."
Cybersecurity,LockBit,"After a multinational law-enforcement operation in February 2024, which ransomware gang had its servers seized and affiliate infrastructure disrupted?",LockBit.,The multinational takedown dismantled ransomware infrastructure belonging to LockBit.,True,The generated answer explicitly mentions 'LockBit'.,True,"The generated answer 'LockBit' directly answers the question, which aligns with the core information provided in the reference answer that LockBit's infrastructure was dismantled."
Cybersecurity,ALPHV,Which ransomware group claimed the February 2024 attack on Change Healthcare that disrupted pharmacy processing across the United States?,ALPHV claimed the Change Healthcare attack.,ALPHV claimed the Change Healthcare attack that disrupted pharmacy processing nationwide.,True,The generated answer explicitly mentions the entity 'ALPHV'.,True,"The generated answer provides the core information that ALPHV claimed the Change Healthcare attack, which directly answers the question. The additional descriptive phrase in the reference answer ('that disrupted pharmacy processing nationwide') is a detail also present in the question and not essential for the core answer identifying the group."
Cybersecurity,Snowflake,Which cloud-data platform was at the center of a mid-2024 credential-theft campaign that compromised data from Ticketmaster and other major customers?,Snowflake.,The credential-theft campaign that hit Ticketmaster and other major clients centered on Snowflake.,True,"The generated answer explicitly states ""Snowflake"".",True,"The generated answer ""Snowflake"" directly answers the question and conveys the same core information as the reference answer, which also identifies Snowflake as the platform at the center of the campaign."
Cybersecurity,XZ Utils,Which open-source compression library was found in March 2024 to contain a deliberately planted backdoor that nearly compromised SSH on Linux systems worldwide?,XZ Utils.,The backdoor that nearly compromised global SSH access was planted in XZ Utils.,True,"The generated answer explicitly mentions ""XZ Utils"".",True,"The generated answer ""XZ Utils."" directly and correctly answers the question, conveying the same core information as the reference answer by identifying the correct entity."
Cybersecurity,CDK Global,"During a June 2024 ransomware attack, which auto-dealership software provider's systems were shut down, crippling thousands of car dealerships?",CDK Global.,A ransomware attack on CDK Global shut down thousands of dealerships across North America.,True,"The generated answer explicitly states 'CDK Global', which is the specified entity.",True,"The generated answer 'CDK Global' directly answers the core of the question, providing the essential information also present in the reference answer. Although shorter, it correctly identifies the entity in question."
Cybersecurity,Midnight Blizzard,Which Russian state-linked threat group breached Microsoft's corporate email in January 2024 by password-spraying a legacy test account?,Midnight Blizzard.,Microsoft's corporate email was breached by the threat group Midnight Blizzard.,True,The generated answer explicitly states 'Midnight Blizzard'.,True,"The generated answer 'Midnight Blizzard' directly answers the question by providing the name of the threat group, which is the key information also present in the reference answer. Both convey the same core information regarding the identity of the threat group."
Cybersecurity,Volt Typhoon,Which Chinese state-sponsored hacking group was reported in early 2024 to have pre-positioned inside U.S. critical infrastructure networks?,Volt Typhoon.,The group found pre-positioned inside U.S. critical infrastructure networks was Volt Typhoon.,True,The generated answer explicitly states 'Volt Typhoon'.,True,"The generated answer 'Volt Typhoon' directly answers the question and conveys the same core information as the reference answer, which also identifies 'Volt Typhoon' as the group. The generated answer is a concise but correct response."
Elections,Sri Lanka,Which South Asian island nation elected the Marxist-leaning candidate Anura Kumara Dissanayake as president in September 2024?,"I couldn't find any information about a September 2024 election in the given context. However, based on the information provided, the South Asian island nation that elected Dissanayake as president in a surprise vote driven by economic-crisis anger is Sri Lanka.",Sri Lanka elected Dissanayake as president in a surprise vote driven by economic-crisis anger.,True,"The generated answer explicitly mentions ""Sri Lanka"".",True,"The generated answer correctly identifies Sri Lanka as the nation that elected Dissanayake in a surprise vote driven by economic-crisis anger, which matches the core information in the reference. The additional statement about not finding information on a September 2024 election does not negate the core matching information."
Elections,Costa Rica,Which Central American country held municipal elections in February 2024 that saw the ruling party suffer significant losses?,I cannot verify which Central American country held municipal elections in February 2024.,Costa Rica,False,"The generated answer does not mention ""Costa Rica"" or any reference to it.",False,"The generated answer states it cannot verify the country, which directly contradicts the reference answer of ""Costa Rica"" and does not provide the correct information to the question."
Elections,Ireland,Which European country held a snap general election in November 2024 that returned the outgoing coalition partners to power?,I cannot verify which European country held a snap general election in November 2024 that returned the outgoing coalition partners to power.,The snap general election that returned the outgoing coalition to power was in Ireland.,False,"The generated answer does not mention ""Ireland""; it explicitly states it cannot verify the country.",False,"The reference answer correctly identifies ""Ireland"" as the country. The generated answer states it cannot verify which country held the election, which directly contradicts the information in the reference answer and provides no useful information."
Elections,Portugal,"After its prime minister resigned over a corruption probe, which southern European country held early parliamentary elections in March 2024?",Portugal.,Portugal,True,"The generated answer explicitly mentions ""Portugal"".",True,"The generated answer ""Portugal."" conveys the same core information as the reference answer ""Portugal"" and would be considered a correct response to the question."
Elections,Senegal,Which West African country elected the young opposition candidate Bassirou Diomaye Faye as president in March 2024?,Senegal.,The March 2024 presidential election in Senegal was won by Bassirou Diomaye Faye.,True,"The generated answer explicitly states ""Senegal"", which is the entity.",True,"The generated answer ""Senegal"" directly answers the question by identifying the country. The reference answer also confirms Senegal as the country where Bassirou Diomaye Faye won the election. Both answers convey the same core information relevant to the question."
Elections,Georgia,Where did a disputed parliamentary election in October 2024 spark large pro-EU protests after the ruling party claimed victory?,I can't answer that question as it is not within my knowledge cutoff.,Georgia held the disputed parliamentary election that sparked large pro-EU protests.,False,"The generated answer explicitly states it cannot answer the question and does not mention ""Georgia"".",False,"The generated answer states it cannot answer the question due to a knowledge cutoff, which does not convey the same core information as the reference answer, which correctly identifies ""Georgia""."
Elections,Croatia,"In the April 2024 parliamentary elections, which EU member state's ruling HDZ party narrowly won the most seats?",Croatia.,"In the parliamentary vote, the ruling HDZ narrowly won the most seats in Croatia.",True,The generated answer explicitly states 'Croatia'.,True,"The question asks for the EU member state, and the generated answer 'Croatia' directly provides this information, which is consistent with the core information in the reference answer identifying Croatia as the country where the HDZ won."
Elections,Serbia,Which Balkan country saw large-scale opposition protests in early 2024 alleging fraud in the December 2023 parliamentary elections?,I don't have information about the specific protests in early 2024.,Serbia,False,"The generated answer does not mention or reference ""Serbia"". It states a lack of information.",False,"The reference answer directly provides ""Serbia"" as the answer to the question. The generated answer states that it does not have information, therefore it does not match the core information of the reference answer."
Elections,Panama,Which Central American country elected José Raúl Mulino as president in May 2024 as a stand-in for a disqualified frontrunner?,Panama.,The presidential election won by Mulino as a stand-in for a disqualified frontrunner took place in Panama.,True,"The generated answer explicitly states 'Panama', which is the entity.",True,The generated answer 'Panama' correctly identifies the country mentioned in the reference answer and directly answers the question. Both answers convey the same core information.
Elections,Uruguay,"Which South American country elected Yamandú Orsi as president in a November 2024 runoff, returning the left to power?",Uruguay,Uruguay elected Yamandú Orsi as president in the November 2024 runoff.,True,The generated answer explicitly states the entity 'Uruguay'.,True,"The generated answer 'Uruguay' directly answers the question 'Which South American country...' and provides the core information, matching the key part of the reference answer. Although the reference provides more context, the generated answer is a correct and concise response."
Elections,Taiwan,Which island democracy held a presidential election in January 2024 where the ruling DPP's candidate Lai Ching-te won amid cross-strait tensions?,I cannot verify which island democracy held a presidential election in January 2024 where the ruling DPP's candidate Lai Ching-te won amid cross-strait tensions.,Taiwan,False,"The generated answer does not explicitly mention ""Taiwan"" nor does it implicitly refer to it as the answer. It states it ""cannot verify"" the information.",False,"The reference answer correctly identifies ""Taiwan"". The generated answer is a refusal to answer (""I cannot verify..."") and does not provide the correct information. Therefore, it does not match the core information of the reference."
Laws,Dodd-Frank Act,Which U.S. financial-regulation law's stress-testing requirements were debated in 2024 after the FDIC proposed new rules following the 2023 regional-bank failures?,I cannot verify the information about the 2023 regional-bank failures.,Dodd-Frank Act,False,"The generated answer ""I cannot verify the information about the 2023 regional-bank failures."" does not mention or reference the 'Dodd-Frank Act'.",False,"The generated answer states it cannot verify information and does not provide the 'Dodd-Frank Act', which is the core information in the reference answer and the correct answer to the question."
Laws,Sarbanes-Oxley Act,Which U.S. corporate-governance law was cited by the SEC in 2024 when it charged executives of a major EV startup with certifying false financial statements?,The Sarbanes-Oxley Act.,The SEC's charges against the EV startup executives cited the Sarbanes-Oxley Act.,True,"The generated answer explicitly mentions ""The Sarbanes-Oxley Act.""",True,"The generated answer directly states ""The Sarbanes-Oxley Act,"" which is the core information provided in the reference answer and directly answers the question. Although shorter, it conveys the same essential information."
Laws,COPPA,Which U.S. children's-privacy law received its first major update in over two decades when the FTC finalized new rules in 2024?,COPPA.,COPPA received its first major update in over two decades with new FTC rules.,True,"The generated answer explicitly mentions the entity ""COPPA"".",True,"The generated answer ""COPPA"" directly answers the question and provides the core information sought, which is the name of the law. The reference answer provides additional context that is already present in the question itself. Therefore, ""COPPA"" alone is considered to convey the same essential information as the reference in response to the question."
Laws,CHIPS and Science Act,"Under which U.S. law were billions in direct subsidies awarded in 2024 to Intel, TSMC, and Samsung for building chip fabrication plants domestically?",The CHIPS and Science Act.,"The CHIPS and Science Act funded major chip-fab subsidies for Intel, TSMC, and Samsung.",True,The generated answer explicitly mentions 'The CHIPS and Science Act'.,True,"The generated answer provides the exact entity name, which is the core information needed to answer the question and matches the key information in the reference answer."
Laws,Inflation Reduction Act,Which U.S. climate law's clean-energy tax credits drove over $100 billion in new battery and solar factory announcements throughout 2024?,"I'm not aware of any information that suggests the U.S. saw over $100 billion in new battery and solar factory announcements in 2024. However, the Inflation Reduction Act's clean-energy tax credits drove over $100 billion in new battery and solar factory announcements throughout 2023.",Inflation Reduction Act,True,"The generated answer explicitly mentions ""Inflation Reduction Act"".",True,"The generated answer correctly identifies the ""Inflation Reduction Act"" as the law, which is the core information provided by the reference answer. Although it corrects the year from 2024 to 2023, the key entity is still provided correctly as an answer to the question."
Laws,FISA,"When Congress debated Section 702 warrantless searches in April 2024, which U.S. foreign-intelligence surveillance law was ultimately reauthorized?",FISA.,Congress reauthorized FISA in April 2024 despite the contentious Section 702 debate.,True,"The generated answer explicitly mentions ""FISA"", which is the specified entity.",True,"The generated answer ""FISA"" directly answers the question by identifying the reauthorized law, which is the core information conveyed by the reference answer. The reference confirms that 'Congress reauthorized FISA' and the generated answer extracts that key piece of information."
Laws,AI Executive Order,Which October 2023 presidential directive established new safety-testing requirements for advanced AI systems that agencies began implementing throughout 2024?,The AI Executive Order.,Agencies spent the year implementing the AI Executive Order's safety-testing requirements.,True,"The generated answer explicitly states ""The AI Executive Order"", which is the entity.",True,"The generated answer directly provides the name of the directive, ""The AI Executive Order"", which is the core information conveyed by the reference answer and directly answers the question."
Laws,KOSA,Which proposed U.S. child-safety bill passed the Senate in July 2024 with bipartisan support to strengthen protections for minors on social-media platforms?,KOSA.,KOSA passed the Senate with broad bipartisan backing.,True,The generated answer explicitly states the entity 'KOSA'.,True,"The generated answer 'KOSA' correctly identifies the entity being asked about in the question, which is the core information provided by the reference answer. The reference answer provides additional details that were already present in the question itself."
Laws,DORA,Which EU regulation on digital operational resilience for financial institutions took effect in January 2025 after a two-year implementation period?,I cannot verify which EU regulation on digital operational resilience for financial institutions took effect in January 2025 after a two-year implementation period.,The EU financial-resilience regulation that took effect for financial institutions was DORA.,False,The generated answer does not mention or reference the entity 'DORA'.,False,"The generated answer states it cannot verify the information, whereas the reference answer correctly identifies DORA as the relevant regulation. Therefore, the generated answer does not convey the same core information as the reference."
Laws,Protecting Americans from Foreign Adversary Controlled Applications Act,Which U.S. law signed in April 2024 required a major Chinese-owned social-media platform's parent company to divest or face a nationwide ban?,The Protecting Americans from Foreign Adversary Controlled Applications Act.,The divestiture law targeting a Chinese-owned social platform was the Protecting Americans from Foreign Adversary Controlled Applications Act.,True,"The generated answer explicitly states the full name of the entity, 'The Protecting Americans from Foreign Adversary Controlled Applications Act'.",True,"The generated answer provides the exact same core information (the name of the law) as the reference answer, which is also sufficient to answer the question. The additional descriptive context in the reference is already covered by the question itself."
Laws,California SB 1047,A state-level AI safety bill passed the California legislature in 2024 but was vetoed by the governor in September. What was it called?,I cannot verify the name of the bill.,California SB 1047,False,The generated answer explicitly states it cannot verify the name of the bill and does not mention 'California SB 1047'.,False,"The reference answer provides the correct bill name, 'California SB 1047'. The generated answer states it cannot verify the name of the bill, which is contrary to the reference and does not provide the requested information."
Movies,The Substance,"In May 2024 at Cannes, which body-horror film directed by Coralie Fargeat premiered and later became a surprise commercial hit?",I couldn't find any information about a body-horror film directed by Coralie Fargeat that premiered at Cannes in May 2024.,The Substance,False,"The generated answer does not mention or reference ""The Substance"" in any way. It explicitly states it couldn't find information.",False,"The reference answer provides the correct film name, ""The Substance"". The generated answer states it could not find information, which is incorrect and does not provide the core information requested by the question or given in the reference."
Movies,Conclave,Which Vatican-set thriller released in October 2024 was praised for Ralph Fiennes's lead performance and earned multiple Oscar nominations?,I can't verify the information about the movie Conclave being released in October 2024.,Conclave earned multiple Oscar nominations following its theatrical release.,True,"The generated answer explicitly mentions ""Conclave"" as ""the movie Conclave"".",False,"The reference answer states that Conclave earned multiple Oscar nominations. The generated answer states that it cannot verify the release information about the movie Conclave, which is completely different from the core information in the reference answer."
Movies,Nosferatu,Which gothic horror remake directed by Robert Eggers opened in theaters in December 2024 and exceeded box-office expectations?,I cannot verify which gothic horror remake directed by Robert Eggers opened in theaters in December 2024 and exceeded box-office expectations.,The gothic horror remake that exceeded box-office expectations was Nosferatu.,False,"The generated answer does not explicitly mention or reference ""Nosferatu"".",False,"The reference answer identifies ""Nosferatu"" as the gothic horror remake that exceeded box-office expectations. The generated answer states that it ""cannot verify"" this information, thus failing to provide the core information present in the reference answer."
Movies,A Complete Unknown,Which biographical drama about a young Bob Dylan released in late 2024 earned Timothée Chalamet a best-actor Oscar nomination?,I cannot verify which biographical drama about a young Bob Dylan released in late 2024 earned Timothée Chalamet a best-actor Oscar nomination.,A Complete Unknown earned Chalamet an Oscar nomination for playing a young Bob Dylan.,False,The generated answer does not mention or reference the entity 'A Complete Unknown'.,False,"The reference answer states that 'A Complete Unknown' earned Chalamet an Oscar nomination, providing a direct answer to the question. The generated answer states it cannot verify which biographical drama earned the nomination, which is contrary to the reference's core information."
Movies,The Wild Robot,Which animated film about a robot surviving in the wilderness opened in September 2024 and was acclaimed as the best family film of the year?,I can't verify the information about the film opening in September 2024.,The animated family hit about a robot in the wilderness was The Wild Robot.,False,"The generated answer does not mention or reference ""The Wild Robot.""",False,"The reference answer identifies ""The Wild Robot"" as the animated film. The generated answer states it cannot verify information about a film but does not identify the film itself, thus failing to convey the core information."
Movies,Gladiator II,"At its November 2024 premiere, which epic sequel set in ancient Rome featured Paul Mescal taking over the lead role?",Gladiator II.,The November 2024 Roman epic sequel starring Paul Mescal was Gladiator II.,True,"The generated answer explicitly mentions ""Gladiator II"".",True,"The generated answer ""Gladiator II"" correctly identifies the film in question, which is the core information conveyed by the reference answer. Both answers provide the direct answer to the question."
Movies,Sing Sing,Which 2024 prison drama featured real formerly incarcerated actors and earned Colman Domingo a best-actor Oscar nomination?,"I am sorry, but I am unable to verify which 2024 prison drama featured real formerly incarcerated actors and earned Colman Domingo a best-actor Oscar nomination.",Sing Sing,False,The generated answer does not mention 'Sing Sing' directly or indirectly.,False,"The generated answer explicitly states it is 'unable to verify' the information, which directly contradicts providing the core information 'Sing Sing' found in the reference answer."
Movies,Nickel Boys,The 2024 adaptation of Colson Whitehead's Pulitzer-winning novel used a distinctive first-person camera technique. What was the film called?,The Nickel Boys.,The adaptation using a first-person camera technique was Nickel Boys.,True,"The generated answer explicitly states ""The Nickel Boys"", which includes the specified entity.",True,"Both the generated answer and the reference answer correctly identify the film as ""Nickel Boys"", providing the core information requested by the question. The presence or absence of the definite article ""The"" does not change the correctness of the answer."
Movies,5-Sep,Which 2024 film dramatized the behind-the-scenes ABC broadcast decisions during the 1972 Munich Olympics hostage crisis?,"The 2021 film ""Munich - The Edge of War"" dramatized the behind-the-scenes decisions during the 1938 Munich crisis, not the 1972 Munich Olympics crisis. However, the 2021 film ""Munich - The Edge of War"" is not the correct answer to the question.

The correct answer is the 2021 film ""Munich - The Edge of War"" is not correct, but the 2021 film ""Munich - The Edge of War"" is not the correct answer to the question.",September 5 dramatized the behind-the-scenes broadcast decisions during the Munich Olympics crisis.,False,The generated answer does not explicitly mention or reference the entity '5-Sep' or 'September 5'.,False,"The reference answer identifies 'September 5' as the film that dramatized the events. The generated answer discusses 'Munich - The Edge of War' and explicitly states it is NOT the correct answer, and then contains contradictory and nonsensical statements about the correct answer, ultimately failing to provide the correct film as per the reference."
Movies,Babygirl,Which erotic thriller released in December 2024 starred Nicole Kidman in a power-dynamic corporate affair and earned her an Oscar nomination?,"I can't verify the information about the movie ""Babygirl"" starring Nicole Kidman.",The erotic thriller that earned Nicole Kidman an Oscar nomination was Babygirl.,True,"The generated answer explicitly mentions the movie ""Babygirl"".",False,"The reference answer directly identifies ""Babygirl"" as the movie that earned Nicole Kidman an Oscar nomination. The generated answer states it cannot verify information about the movie ""Babygirl"", which does not convey the same core information or answer the question affirmatively like the reference."
Movies,The Brutalist,Which 2024 epic drama about a Hungarian architect immigrating to postwar America earned Brady Corbet a best-director nomination?,The Brutalist.,The Brutalist earned Brady Corbet a best-director nomination for its epic immigrant story.,True,The generated answer explicitly states 'The Brutalist'.,True,"The generated answer 'The Brutalist' directly answers the core of the question, which asks 'Which 2024 epic drama... earned Brady Corbet a best-director nomination?'. While the reference answer provides more detail, 'The Brutalist' alone is a complete and correct answer to the question, conveying the key information."
Organizations,Deloitte,Which Big Four firm announced in 2024 that it would invest over $2 billion in its AI and cloud consulting practices?,Deloitte.,The Big Four firm that announced a $2 billion AI consulting investment was Deloitte.,True,"The generated answer explicitly states ""Deloitte"".",True,Both the generated answer and the reference answer identify 'Deloitte' as the Big Four firm that made the investment. The generated answer directly answers the question concisely and correctly.
Organizations,McKinsey,"After years of litigation, which global consulting firm agreed in 2024 to pay $650 million to settle claims tied to the U.S. opioid crisis?",I'm not able to verify the information about the $650 million settlement in 2024.,McKinsey,False,"The generated answer does not mention or reference ""McKinsey"".",False,"The generated answer states it cannot verify information and does not provide ""McKinsey"" as the consulting firm, failing to answer the question correctly. The reference answer directly provides the correct entity."
Organizations,Berkshire Hathaway,Which conglomerate disclosed in 2024 that it sold roughly half its Apple stake while building cash reserves to a record $325 billion?,Berkshire Hathaway.,Berkshire Hathaway sold about half its Apple holdings while amassing record cash reserves.,True,"The generated answer explicitly mentions ""Berkshire Hathaway.""",True,"The question asks for the conglomerate. The generated answer ""Berkshire Hathaway"" correctly identifies the entity, which is the core information requested by the question. The reference answer also names Berkshire Hathaway and provides additional details from the context, but the generated answer is a complete and correct response to the specific question asked."
Organizations,Citigroup,"In early 2024, which major bank executed a large-scale restructuring that eliminated 20,000 positions to simplify management?",Citigroup.,"The major restructuring that eliminated 20,000 positions was at Citigroup.",True,"The generated answer explicitly states ""Citigroup"", which is the entity.",True,"The generated answer ""Citigroup"" directly answers the question and conveys the same core information as the reference answer, identifying the correct bank."
Organizations,Morgan Stanley,Which investment bank reported in 2024 that its wealth-management division surpassed $7 trillion in client assets?,Morgan Stanley.,Morgan Stanley's wealth division surpassed $7 trillion in client assets.,True,The generated answer explicitly mentions 'Morgan Stanley'.,True,"The generated answer 'Morgan Stanley' correctly identifies the investment bank, which is the core information requested by the question and implied by the reference answer. Although the reference answer provides more detail, the generated answer is a complete and correct response to the 'Which investment bank' part of the question."
Organizations,Lockheed Martin,Which defense contractor received multi-billion-dollar F-35 orders from allied nations in 2024 amid rising global defense spending?,Lockheed Martin.,The multi-billion-dollar F-35 orders from allied nations went to Lockheed Martin.,True,"The generated answer explicitly mentions ""Lockheed Martin"".",True,"The generated answer provides the core information (the entity name) that directly answers the question, which is consistent with the reference answer's core information."
Organizations,Palantir,"When the S&P 500 index added a data-analytics company in September 2024, which firm saw its stock double that year on AI-demand optimism?",I cannot verify the information about the data-analytics firm that joined the S&P 500 in September 2024.,The data-analytics firm that joined the S&P 500 with its stock doubling that year was Palantir.,False,"The generated answer does not explicitly mention or reference ""Palantir"".",False,"The generated answer states it cannot verify the information, while the reference answer directly identifies ""Palantir"" as the firm. Therefore, they do not convey the same core information."
Organizations,SpaceX,Which private aerospace company successfully caught a returning Super Heavy booster with its launch-tower arms in October 2024?,SpaceX.,The successful booster catch using launch-tower arms was achieved by SpaceX.,True,"The generated answer explicitly mentions ""SpaceX"", which is the specified entity.",True,"The generated answer ""SpaceX"" directly answers the question ""Which private aerospace company..."" and provides the core information, which is consistent with the reference answer's identification of SpaceX as the company that achieved the booster catch."
Organizations,Anthropic,Which AI-safety startup raised $4 billion from Amazon in early 2024 and released its Claude 3 model family in March?,Anthropic.,"In early 2024, the AI startup that raised $4 billion from Amazon and released Claude 3 was Anthropic.",True,"The generated answer explicitly mentions 'Anthropic', which is the specified entity.",True,"The generated answer 'Anthropic.' directly answers the question and provides the same core information as the reference answer, which also identifies Anthropic as the correct startup. Both correctly identify the entity that fits the description in the question."
Organizations,World Bank,Which multilateral institution announced in 2024 a reform package to unlock $100 billion in additional climate-related lending?,The World Bank.,The $100 billion climate-lending reform was announced by the World Bank.,True,"The generated answer explicitly mentions ""The World Bank"".",True,"The generated answer provides the core information (The World Bank) that directly answers the question, which is also the key information conveyed by the reference answer."
Organizations,UNRWA,Which UN relief agency faced funding suspensions from multiple countries in early 2024 after allegations that staff were involved in the October 2023 attack?,I cannot verify the information about the October 2023 attack.,UNRWA faced funding cuts from multiple countries over staff-involvement allegations.,False,The generated answer does not explicitly mention or reference 'UNRWA'.,False,"The generated answer states it 'cannot verify the information', which does not convey the core information present in the reference answer about UNRWA facing funding cuts."
Politicians,Rishi Sunak,Which British prime minister called a surprise early general election in May 2024 and led his party to a historic landslide defeat in July?,Rishi Sunak.,Rishi Sunak called a surprise early election and led his party to a historic landslide defeat.,True,The generated answer explicitly states the entity 'Rishi Sunak'.,True,"The generated answer 'Rishi Sunak' correctly identifies the person asked about in the question, which is the core information also conveyed by the reference answer. The reference answer provides additional context from the question, but the generated answer is complete and accurate as a direct response."
Politicians,Mark Rutte,Which former Dutch prime minister officially took over as NATO Secretary General in October 2024?,I can't verify which former Dutch prime minister will officially take over as NATO Secretary General in October 2024.,Mark Rutte,False,"The generated answer does not explicitly mention ""Mark Rutte"". It refers to ""which former Dutch prime minister"" but does not name the entity.",False,"The reference answer provides the correct name, ""Mark Rutte"". The generated answer explicitly states that it ""can't verify"" the information, thus failing to provide the correct answer and not matching the core information of the reference."
Politicians,Pedro Sánchez,Which Spanish prime minister threatened to resign in April 2024 over a judicial investigation into his wife's business dealings?,Pedro Sánchez.,The Spanish prime minister who threatened to resign over his wife's legal probe was Pedro Sánchez.,True,"The generated answer explicitly mentions the entity ""Pedro Sánchez"".",True,Both the generated answer and the reference answer correctly identify Pedro Sánchez as the Spanish prime minister in question. The generated answer is concise but directly answers the question and conveys the same core information.
Politicians,Fumio Kishida,"In August 2024, which Japanese prime minister announced he would not seek re-election as party leader amid plummeting approval ratings?",Fumio Kishida.,Fumio Kishida announced he would not seek re-election as party leader amid falling approval ratings.,True,"The generated answer explicitly mentions ""Fumio Kishida"".",True,"The generated answer provides the key information, ""Fumio Kishida"", which directly answers the question and aligns with the core entity identified in the reference answer."
Politicians,Anthony Albanese,Which Australian prime minister signed into law a world-first ban on social media for children under sixteen in November 2024?,I can't verify which Australian prime minister signed into law a world-first ban on social media for children under sixteen in November 2024.,Anthony Albanese,False,"The generated answer does not mention ""Anthony Albanese"" or any direct reference to the entity.",False,"The reference answer provides the correct entity, ""Anthony Albanese"", as the answer to the question. The generated answer states it cannot verify the information, therefore it does not match the core information of the reference answer."
Politicians,Yoon Suk Yeol,"When the National Assembly voted to impeach in December 2024 following a brief martial-law declaration, which South Korean president was removed?",I'm not aware of any information about a president named Yoon Suk Yeol being impeached after a brief martial-law episode in December 2024.,The president impeached after the brief martial-law episode was Yoon Suk Yeol.,True,"The generated answer explicitly mentions ""Yoon Suk Yeol.""",False,"The reference answer states that Yoon Suk Yeol was impeached. The generated answer states that it is not aware of any information about Yoon Suk Yeol being impeached, directly contradicting the reference answer."
Politicians,Prabowo Subianto,Which Indonesian defense minister won the February 2024 presidential election by a wide margin on his third attempt?,Prabowo Subianto won the February 2024 Indonesian presidential election on his third attempt.,Prabowo Subianto won the February 2024 Indonesian presidential election on his third attempt.,True,"The generated answer explicitly mentions ""Prabowo Subianto"".",True,"The generated answer is identical to the reference answer, conveying the exact same core information."
Politicians,Nayib Bukele,Which Central American president won re-election in February 2024 by a landslide despite constitutional concerns about consecutive candidacy?,Nayib Bukele.,The Central American leader who won a disputed re-election despite constitutional concerns was Nayib Bukele.,True,The generated answer explicitly mentions 'Nayib Bukele'.,True,"The generated answer correctly identifies Nayib Bukele, which is the core information requested by the question and confirmed by the reference answer. Both answers focus on providing the name of the individual."
Politicians,Kamala Harris,"After the incumbent withdrew from the presidential race in July 2024, which U.S. vice president became her party's nominee?",Kamala Harris.,The nominee who emerged in July 2024 after the incumbent withdrew was Kamala Harris.,True,The entity 'Kamala Harris' is explicitly mentioned in the generated answer.,True,"The generated answer 'Kamala Harris.' directly answers the question and conveys the same core information as the reference answer, which also identifies Kamala Harris as the nominee."
Politicians,Ursula von der Leyen,Which European Commission president was confirmed for a second five-year term by the European Parliament in July 2024?,Ursula von der Leyen.,The Commission president confirmed for a second term by the European Parliament was Ursula von der Leyen.,True,"The generated answer explicitly mentions the entity ""Ursula von der Leyen"".",True,"The generated answer provides the core information requested by the question and present in the reference answer, which is the name of the European Commission president. A short answer containing just the entity name is sufficient as it directly answers the question."
Politicians,Anwar Ibrahim,Which Malaysian prime minister hosted a major APEC summit in late 2024 and pushed for expanded economic ties with China and the West?,I can't verify which Malaysian prime minister hosted a major APEC summit in late 2024.,Anwar Ibrahim hosted the APEC summit and promoted broader economic engagement with major powers.,False,"The generated answer does not mention ""Anwar Ibrahim"" by name or any clear direct reference. It uses the generic term ""which Malaysian prime minister"".",False,"The generated answer states it ""can't verify"" the information, which directly contradicts the reference answer that correctly identifies Anwar Ibrahim and his actions. Therefore, it does not convey the same core information."
Products,PlayStation 5 Pro,The upgraded gaming console that launched in November 2024 at $699 offered enhanced ray tracing and AI upscaling. What was it?,"I couldn't find any information about a console called the ""PlayStation 5 Pro"" launching in November 2024.",PlayStation 5 Pro,True,"The generated answer explicitly mentions ""PlayStation 5 Pro"".",False,"The reference answer provides the entity ""PlayStation 5 Pro"" as the direct answer to the question. The generated answer states it couldn't find information about such a console, thus failing to provide a direct answer."
Products,Meta Quest 3,Which mixed-reality headset released in late 2023 became the best-selling VR device of 2024 thanks to its full-color passthrough?,The Meta Quest 3.,The best-selling VR headset with full-color passthrough was the Meta Quest 3.,True,"The generated answer explicitly mentions ""Meta Quest 3"".",True,"The generated answer ""The Meta Quest 3."" directly and correctly answers the question, conveying the same core information as the reference answer by identifying the correct entity."
Products,Google Pixel Watch 3,Which smartwatch released in August 2024 introduced a larger 45mm display and deeper Fitbit health integration?,The Google Pixel Watch 3.,The smartwatch with the larger display option and deeper Fitbit integration was the Google Pixel Watch 3.,True,"The generated answer explicitly mentions ""Google Pixel Watch 3"".",True,"Both the generated answer and the reference answer correctly identify ""The Google Pixel Watch 3"" as the answer to the question. The generated answer directly provides the core information requested."
Products,Samsung Galaxy Ring,Which smart ring launched in July 2024 as a health-and-sleep tracker designed to pair with Galaxy smartphones?,Samsung Galaxy Ring,Samsung Galaxy Ring,True,"The generated answer explicitly mentions the entity ""Samsung Galaxy Ring"".",True,"The generated answer is identical to the reference answer, providing the same core information."
Products,Rivian R2,"In March 2024 at a special unveiling event, which midsize electric SUV was revealed with a starting price under $45,000?",The Rivian R2.,"The midsize EV unveiled at under $45,000 was the Rivian R2.",True,"The generated answer explicitly mentions ""Rivian R2"".",True,"Both the generated answer and the reference answer identify ""Rivian R2"" as the correct answer to the question. The generated answer, though concise, provides the key information requested."
Products,Humane AI Pin,Which wearable AI device launched in April 2024 with a laser palm projector but was widely panned by reviewers?,The Humane AI Pin.,The wearable AI device that projected onto the palm and drew harsh reviews was the Humane AI Pin.,True,The generated answer explicitly mentions the entity 'Humane AI Pin'.,True,"The generated answer provides 'The Humane AI Pin', which is the core information directly answering the question and matches the key information provided in the reference answer."
Products,Rabbit R1,"At CES in January 2024, which handheld AI gadget debuted promising to replace phone apps but was later criticized for limited functionality?",The Rabbit R1.,The AI gadget that debuted at CES promising to replace phone apps but drew criticism was the Rabbit R1.,True,"The generated answer explicitly mentions ""Rabbit R1"".",True,"The generated answer provides the core information (the name of the gadget) that directly answers the question, which aligns with the primary information conveyed by the reference answer."
Products,Nothing Phone 2a,Which mid-range smartphone launched in March 2024 featuring a transparent Glyph LED back design at a $349 price?,Nothing Phone 2a,Nothing Phone 2a featured a transparent LED back design at a mid-range price point.,True,"The generated answer explicitly states ""Nothing Phone 2a"", which is the specified entity.",True,"The generated answer ""Nothing Phone 2a"" provides the direct answer to the question. The reference answer also identifies ""Nothing Phone 2a"" as the core subject and provides additional descriptive details that align with the question. As per instructions, a short answer like the entity name is considered correct if it provides the key information and would be considered a correct response to the question."
Products,OnePlus 13,Which flagship Android phone launched in January 2025 with the Snapdragon 8 Elite chip and an emphasis on fast charging?,The OnePlus 13.,The January 2025 flagship powered by the Snapdragon 8 Elite was the OnePlus 13.,True,"The generated answer explicitly mentions ""OnePlus 13"".",True,Both the generated answer and the reference answer identify 'OnePlus 13' as the phone that fits the description in the question. The generated answer directly provides the core information requested by the question.
Products,Garmin Fenix 8,Which premium outdoor sports watch launched in mid-2024 adding an AMOLED display option and a dive-ready flashlight?,Garmin Fenix 8.,Garmin Fenix 8 launched with an AMOLED screen option and a built-in dive-ready flashlight.,True,"The generated answer explicitly states ""Garmin Fenix 8"".",True,"The generated answer provides the correct entity, ""Garmin Fenix 8"", which is the core information conveyed by the reference answer and directly answers the 'Which' question. The reference answer simply elaborates on the features already mentioned in the question."
Products,DJI Neo,Which ultra-compact selfie drone released in September 2024 was designed for palm takeoff and AI-powered subject tracking?,The DJI Neo.,The ultra-compact selfie drone with palm takeoff and AI tracking was the DJI Neo.,True,The generated answer explicitly mentions the entity 'DJI Neo'.,True,"The generated answer 'The DJI Neo.' provides the same core information as the reference answer by identifying 'DJI Neo' as the product, which directly answers the question."
Sanctions,Myanmar,"Under expanded Western sanctions through 2024, which Southeast Asian country's military junta continued to face international pressure after extending emergency rule?",Myanmar.,Myanmar,True,"The generated answer explicitly states the entity ""Myanmar"".",True,"The generated answer is identical to the reference answer, both correctly identifying ""Myanmar"" as the answer to the question."
Sanctions,Syria,"After the Assad regime fell in December 2024, which Middle Eastern country saw some European sanctions eased in early 2025?",I can't answer that question as it is based on a hypothetical scenario.,Some European sanctions on Syria were eased after the fall of the Assad regime.,False,"The generated answer does not mention or reference ""Syria""; it states it cannot answer the question.",False,"The generated answer states it cannot answer the question due to a hypothetical scenario. The reference answer provides a direct answer to the hypothetical question, stating that sanctions on Syria were eased. Therefore, the generated answer does not convey the same core information as the reference."
Sanctions,Cuba,"In January 2025, which Caribbean nation was briefly removed from the U.S. state sponsor of terrorism list as part of a prisoner deal, only to be relisted days later?",Cuba was briefly delisted in January 2025 before being quickly relisted.,Cuba was briefly delisted in January 2025 before being quickly relisted.,True,"The generated answer explicitly mentions ""Cuba"".",True,"The generated answer is identical to the reference answer, conveying the same core information."
Sanctions,Taliban,Which group controlling Afghanistan faced continued UN sanctions through 2024 while the international community debated engagement over women's education?,The Taliban.,"The UN sanctions targeting the group controlling Afghanistan continued as the education debate went on, affecting the Taliban.",True,"The generated answer explicitly mentions ""The Taliban"".",True,"The generated answer ""The Taliban"" directly answers the question by identifying the correct group, which is the core information conveyed by the reference answer."
Sanctions,Wagner Group,Which Russian private military company remained under EU and U.S. sanctions in 2024 even as its African operations were absorbed into Russian state structures?,The Wagner Group.,Wagner Group,True,"The generated answer explicitly mentions ""The Wagner Group"", which refers to the specified entity.",True,"The generated answer ""The Wagner Group."" conveys the same core information as the reference answer ""Wagner Group"". The addition of 'The' and a period does not change the meaning."
Sanctions,Hezbollah,Which Lebanon-based group faced intensified U.S. and European financial sanctions in late 2024 amid the Israel-Lebanon conflict escalation?,Hezbollah.,Intensified financial sanctions amid the Israel-Lebanon escalation targeted Hezbollah.,True,The generated answer explicitly states the entity 'Hezbollah'.,True,"The generated answer 'Hezbollah.' directly provides the core information (the entity) that is the subject of the question and the reference answer. Although concise, it correctly identifies the group."
Sanctions,Hamas,Which Palestinian militant organization faced expanded international sanctions and asset freezes throughout 2024 after the October 2023 attack?,Hamas faced expanded international sanctions and asset freezes after the major attack.,Hamas faced expanded international sanctions and asset freezes after the major attack.,True,"The generated answer explicitly mentions ""Hamas"".",True,"The generated answer is identical to the reference answer, conveying the exact same core information."
Sanctions,IRGC,Which military branch was hit with new rounds of EU sanctions in 2024 over its role in supplying drones used in an overseas conflict?,"I couldn't find any information about the specific conflict or the exact date of the sanctions. However, I can tell you that the IRGC stands for the Islamic Revolutionary Guard Corps, which is a branch of the Iranian military.",IRGC,True,The generated answer explicitly mentions 'IRGC'.,False,"The reference answer directly provides 'IRGC' as the answer to the question. The generated answer states it 'couldn't find any information about the specific conflict or the exact date of the sanctions', indicating it cannot answer the question directly. While it defines IRGC, it does not identify it as the entity that was sanctioned, therefore failing to convey the core information that IRGC is the answer to the question."
Sanctions,Kaspersky Lab,Which Russian cybersecurity company was effectively blocked from the U.S. market when the Commerce Department banned its software in June 2024?,Kaspersky Lab.,Kaspersky Lab was effectively blocked from the U.S. market by a Commerce Department ban.,True,The generated answer explicitly states the entity 'Kaspersky Lab'.,True,"The generated answer 'Kaspersky Lab' directly answers the 'Which Russian cybersecurity company' part of the question. While the reference answer provides more context from the question, the core information needed to answer the question (the name of the company) is present in the generated answer, making it a correct response."
Sanctions,DJI,Which Chinese drone manufacturer was placed on a U.S. Treasury sanctions list in 2024 amid concerns about its equipment being used for military surveillance?,DJI.,The Chinese drone maker placed on the U.S. sanctions list was DJI.,True,"The generated answer explicitly mentions the entity ""DJI"".",True,"The generated answer ""DJI"" provides the core information requested by the question and is consistent with the reference answer, which also identifies DJI."
Sanctions,Temu,Which Chinese e-commerce platform faced regulatory scrutiny and potential trade-restriction measures in the EU in 2024 under the Digital Services Act?,Temu.,The Chinese e-commerce platform facing EU regulatory scrutiny under the Digital Services Act was Temu.,True,The generated answer explicitly states 'Temu'.,True,"The generated answer 'Temu' directly and correctly answers the question, providing the key information identified in the reference answer. Both indicate 'Temu' as the platform in question."
Sports Teams,Bayer Leverkusen,Which German club won its first-ever Bundesliga title in the 2023–24 season by going the entire league campaign unbeaten?,Bayer Leverkusen.,The club that won its first-ever Bundesliga title while going unbeaten was Bayer Leverkusen.,True,"The generated answer explicitly mentions ""Bayer Leverkusen"".",True,The generated answer provides the core information (the name of the club) which directly answers the question and matches the key information in the reference answer.
Sports Teams,Benfica,Which Portuguese club reached the Champions League quarterfinals in the 2023–24 campaign before being knocked out?,I cannot verify which Portuguese club reached the Champions League quarterfinals in the 2023–24 campaign before being knocked out.,Benfica,False,"The generated answer states it cannot verify which club, and does not mention or reference ""Benfica"" at all.",False,"The reference answer is ""Benfica"", which is the correct answer to the question. The generated answer states it cannot verify the information, meaning it does not provide the correct answer."
Sports Teams,AS Roma,Which Italian capital club reached the Europa League semifinal in 2023–24 under manager Daniele De Rossi?,AS Roma.,The Europa League semifinal under De Rossi was reached by AS Roma.,True,"The generated answer explicitly mentions ""AS Roma"".",True,"The generated answer ""AS Roma"" correctly identifies the club that reached the Europa League semifinal under De Rossi, which is the core information also conveyed by the reference answer. Although shorter, it provides the essential information needed to answer the question."
Sports Teams,Celtic,Which Scottish club won its third consecutive Scottish Premiership title in the 2023–24 season?,I don't have information on the 2023-24 season.,Celtic,False,"The generated answer states it lacks information and does not mention or reference ""Celtic"".",False,"The generated answer indicates a lack of information, whereas the reference answer provides the correct club name, ""Celtic"". The generated answer does not convey the core information."
Sports Teams,Galatasaray,"During the 2024 season, which Turkish club won consecutive Süper Lig titles with a squad featuring several high-profile European signings?",Galatasaray.,The consecutive Süper Lig champion with high-profile European signings was Galatasaray.,True,"The generated answer explicitly mentions the entity ""Galatasaray"".",True,"The generated answer ""Galatasaray"" directly provides the core information, which is the club's name, that is also conveyed by the reference answer ""The consecutive Süper Lig champion with high-profile European signings was Galatasaray."". Both answers correctly identify Galatasaray as the subject of the question."
Sports Teams,Atalanta,"In the May 2024 Europa League final, which Italian club defeated Bayer Leverkusen to claim its first major European trophy?",Atalanta.,"Atalanta won the May 2024 Europa League final, beating Bayer Leverkusen for its first European trophy.",True,"The generated answer explicitly states ""Atalanta"".",True,"The generated answer ""Atalanta"" directly answers the question about which club won, which is the core information conveyed by the reference answer. Although much shorter, it is a complete and correct answer to the question asked."
Sports Teams,Girona,Which Spanish club qualified for the Champions League for the first time in history after a third-place La Liga finish in 2023–24?,I'm not able to verify which Spanish club qualified for the Champions League for the first time in history after a third-place La Liga finish in 2023–24.,The club that qualified for the Champions League for the first time via its stunning La Liga finish was Girona.,False,The generated answer does not mention 'Girona'.,False,"The generated answer states it cannot verify the information, which directly contradicts the reference answer that correctly identifies Girona. Therefore, it does not convey the same core information and is not a correct response."
Sports Teams,Olympiacos,"Which Greek club won the 2024 Europa Conference League final, becoming the first Greek team to lift a major European trophy?",Olympiacos.,Olympiacos became the first Greek club to win a major European trophy in the Conference League final.,True,"The generated answer explicitly mentions ""Olympiacos"".",True,"The generated answer ""Olympiacos"" directly answers the question ""Which Greek club won..."" and provides the core information conveyed by the reference answer, which also identifies Olympiacos as the winner. The generated answer is concise but correct given the question."
Sports Teams,RB Leipzig,Which German club won the DFB-Pokal in May 2024 by defeating Kaiserslautern in the final at Berlin's Olympiastadion?,RB Leipzig.,The May 2024 DFB-Pokal final in Berlin was won by RB Leipzig over Kaiserslautern.,True,The generated answer explicitly states the entity 'RB Leipzig'.,True,"The generated answer 'RB Leipzig' correctly identifies the winner of the DFB-Pokal, which is the key information conveyed by the reference answer and directly answers the question."
Sports Teams,Aston Villa,"After finishing fourth in the Premier League, which English club returned to the Champions League in 2024–25 for the first time since 1983?",Aston Villa.,The English club returning to the Champions League after a 41-year absence was Aston Villa.,True,The generated answer explicitly states 'Aston Villa'.,True,"Both the generated answer and the reference answer correctly identify 'Aston Villa' as the club. The generated answer provides the core information needed to answer the question, consistent with the reference."
Sports Teams,Bologna FC,Which Italian club qualified for the Champions League for the first time in over 60 years after finishing fifth in Serie A in 2023–24?,Bologna FC.,"Bologna FC qualified for the Champions League, ending a six-decade absence from the competition.",True,The generated answer explicitly states the entity 'Bologna FC'.,True,"The generated answer 'Bologna FC.' directly answers the question and provides the core information, which is the club's name. The reference answer also provides the club's name along with additional context, but the essential information conveyed is the same for answering the question."
